{"cameraMode":{"drawMode":0,"name":"Shaded","section":"Shading Mode"},"sceneLighting":true,"audioPlay":false,"sceneViewState":{"showFog":true,"showMaterialUpdate":false,"showSkybox":true,"showFlares":true,"showImageEffects":true,"showParticleSystems":true},"in2DMode":false,"pivot":{"x":2.561785936355591,"y":0.6117070317268372,"z":-0.617011547088623},"rotation":{"x":-0.2274932563304901,"y":0.5031726360321045,"z":-0.13925738632678986,"w":-0.8219923973083496},"size":11.272515296936036,"orthographic":false}